<?xml version="1.0" encoding="UTF-8"?>
<simplicite xmlns:xsi="http://www.w3.org/2001/XMLSchema-instance" xmlns="http://www.simplicite.fr/base" xsi:schemaLocation="http://www.simplicite.fr/base https://www.simplicite.io/resources/schemas/base.xsd">
<object>
	<name>HtpTestObject</name>
	<action>upsert</action>
	<data>
		<htpHtpoCode>TEST1</htpHtpoCode>
		<htpHtpoLabel>Test 1</htpHtpoLabel>
		<htpHtpoDescription><![CDATA[<p>Test 1 <strong>description</strong></p>]]></htpHtpoDescription>
	</data>
	<data>
		<htpHtpoCode>TEST2</htpHtpoCode>
		<htpHtpoLabel>Test 2</htpHtpoLabel>
		<htpHtpoDescription><![CDATA[<p>Test 2 <strong>description</strong></p>]]></htpHtpoDescription>
	</data>
</object>
</simplicite>